customer_id,first_name,last_name,gender,email,phone_number,address,city,country
101,Reza,Jafari,M,reza.j@email.com,9.81235E+11,Tehran St. 123,Tehran,Iran
102,Sara,Mohammadi,F,sara.m@email.com,9.81235E+11,Valiasr St. 456,Tehran,Iran
103,Ali,Hashemi,M,ali.h@email.com,9.81235E+11,Enqelab St. 789,Isfahan,Iran
104,Maryam,Rahmani,F,maryam.r@email.com,9.81235E+11,Ferdowsi St. 12,Shiraz,Iran
105,Hossein,Ahmadi,M,hossein.a@email.com,9.81235E+11,Saadi St. 34,Tehran,Iran
106,Fatemeh,Golzar,F,fatemeh.g@email.com,9.81235E+11,Mellat St. 56,Tabriz,Iran
107,Saba,Gholami,F,saba.g@email.com,9.81235E+11,Ferdowsi St. 311,Shiraz,Iran
108,Leila,Rezai,F,leila.r@email.com,9.81235E+11,Enqelab St. 90,Shiraz,Iran
109,Amir,Ahmadi,M,amir.a@email.com,9.81235E+11,Saadi St. 123,Esfahan,Iran
110,Narges,Abbasi,F,narges.a@email.com,9.81235E+11,Valiasr St. 45,Tehran,Iran
111,Mehdi,Mousavi,M,mehdi.m@email.com,9.81235E+11,Ferdowsi St. 67,Tabriz,Iran
112,Sahar,Rostami,F,sahar.r@email.com,9.81235E+11,Mellat St. 89,Esfahan,Iran
113,Milad,Shirazi,M,milad.s@email.com,9.81235E+11,Shariati St. 10,Shiraz,Iran
114,Fariba,Hosseini,F,fariba.h@email.com,9.81235E+11,Saadi St. 111,Tabriz,Iran
115,Amin,Karimi,M,amin.k@email.com,9.81235E+11,Valiasr St. 121,Esfahan,Iran
116,Sima,Naderi,F,sima.n@email.com,9.81235E+11,Enqelab St. 131,Shiraz,Iran
117,Majid,Taghavi,M,majid.t@email.com,9.81235E+11,Mellat St. 141,Tehran,Iran
118,Sahar,Fallah,F,sahar.f@email.com,9.81235E+11,Ferdowsi St. 151,Tabriz,Iran
119,Behzad,Jalali,M,behzad.j@email.com,9.81235E+11,Shariati St. 161,Esfahan,Iran
120,Farahnaz,Ghahremani,F,farahnaz.g@email.com,9.81235E+11,Saadi St. 171,Shiraz,Iran
121,Amir,Soleimani,M,amir.s@email.com,9.81235E+11,Valiasr St. 181,Tabriz,Iran
122,Khosro,Fallah,M,khosro.f@email.com,9.81235E+11,Mellat St. 341,Isfahan,Iran
123,Hadi,Khoshkhou,M,hadi.k@email.com,9.81235E+11,Ferdowsi St. 201,Shiraz,Iran
124,Maryam,Movahed,F,maryam.m@email.com,9.81235E+11,Shariati St. 211,Tehran,Iran
125,Khosro,Miri,M,khosro.m@email.com,9.81235E+11,Enqelab St. 221,Tabriz,Iran
126,Roya,Afshari,F,roya.a@email.com,9.81235E+11,Saadi St. 231,Esfahan,Iran
127,Hossein,Moradi,M,hossein.m@email.com,9.81235E+11,Mellat St. 241,Shiraz,Iran
128,Sanaz,Rad,F,sanaz.r@email.com,9.81235E+11,Shariati St. 251,Tehran,Iran
129,Saeed,Soltani,M,saeed.s@email.com,9.81235E+11,Enqelab St. 261,Tabriz,Iran
130,Nasrin,Mazaheri,F,nasrin.m@email.com,9.81235E+11,Ferdowsi St. 271,Shiraz,Iran
131,Babak,Mehrabi,M,babak.m@email.com,9.81235E+11,Mellat St. 281,Tehran,Iran
132,Yasmin,Ahmadi,F,yasmin.a@email.com,9.81235E+11,Valiasr St. 291,Tabriz,Iran
133,Ali,Najafi,M,ali.n@email.com,9.81235E+11,Shariati St. 301,Isfahan,Iran
134,Saba,Gholami,F,saba.g@email.com,9.81235E+11,Ferdowsi St. 311,Shiraz,Iran
135,Peyman,Rajabi,M,peyman.r@email.com,9.81235E+11,Saadi St. 321,Tehran,Iran
136,Mitra,Arab,F,mitra.a@email.com,9.81235E+11,Enqelab St. 331,Tabriz,Iran
137,Khosro,Fallah,M,khosro.f@email.com,9.81235E+11,Mellat St. 341,Isfahan,Iran
138,Leila,Azimi,F,leila.a@email.com,9.81235E+11,Shariati St. 351,Shiraz,Iran
139,Samad,Hamidi,M,samad.h@email.com,9.81235E+11,Ferdowsi St. 361,Tehran,Iran
140,Maryam,Mohammadi,F,maryam.m@email.com,9.81235E+11,Saadi St. 371,Tabriz,Iran
141,Hassan,Abbasi,M,hassan.a@email.com,9.81235E+11,Valiasr St. 381,Isfahan,Iran
142,Sara,Rezaei,F,sara.r@email.com,9.81235E+11,Shariati St. 391,Shiraz,Iran
143,Kamran,Mirzaei,M,kamran.m@email.com,9.81235E+11,Enqelab St. 401,Tehran,Iran
144,Fatemeh,Rezazadeh,F,fatemeh.r@email.com,9.81235E+11,Mellat St. 411,Tabriz,Iran
145,Reza,Mehrpour,M,reza.m@email.com,9.81235E+11,Valiasr St. 661,Tehran,Iran
146,Mina,Jafari,F,mina.j@email.com,9.81235E+11,Ferdowsi St. 431,Shiraz,Iran
147,Behzad,Kamali,M,behzad.k@email.com,9.81235E+11,Shariati St. 441,Tehran,Iran
148,Naghmeh,Ahmadi,F,naghmeh.a@email.com,9.81235E+11,Enqelab St. 451,Tabriz,Iran
149,Ali,Arjmand,M,ali.a@email.com,9.81235E+11,Mellat St. 461,Isfahan,Iran
150,Amir,Jafari,M,amir.j@email.com,9.81235E+11,Shariati St. 1051,Tehran,Iran
151,Mehran,Nouri,M,mehran.n@email.com,9.81235E+11,Valiasr St. 481,Tehran,Iran
152,Maryam,Safavi,F,maryam.s@email.com,9.81235E+11,Shariati St. 491,Tabriz,Iran
153,Ali,Abbasi,M,ali.a@email.com,9.81235E+11,Enqelab St. 501,Shiraz,Iran
154,Sara,Karimi,F,sara.k@email.com,9.81235E+11,Ferdowsi St. 511,Tehran,Iran
155,Arash,Javadi,M,arash.j@email.com,9.81235E+11,Mellat St. 521,Isfahan,Iran
156,Fatemeh,Hashemi,F,fatemeh.h@email.com,9.81235E+11,Saadi St. 531,Shiraz,Iran
157,Kamran,Mohajer,M,kamran.m@email.com,9.81235E+11,Valiasr St. 541,Tehran,Iran
158,Sara,Taghavi,F,sara.t@email.com,9.81235E+11,Enqelab St. 551,Tabriz,Iran
159,Ahmad,Sharifi,M,ahmad.s@email.com,9.81235E+11,Mellat St. 561,Esfahan,Iran
160,Samaneh,Abbasi,F,samaneh.a@email.com,9.81235E+11,Shariati St. 571,Shiraz,Iran
161,Reza,Kazemi,M,reza.k@email.com,9.81235E+11,Ferdowsi St. 581,Tehran,Iran
162,Sima,Ghahremani,F,sima.g@email.com,9.81235E+11,Saadi St. 591,Tabriz,Iran
163,Ali,Majidi,M,ali.m@email.com,9.81235E+11,Valiasr St. 601,Esfahan,Iran
164,Niloofar,Mohebbi,F,niloofar.m@email.com,9.81235E+11,Enqelab St. 611,Shiraz,Iran
165,Mohammad,Jalali,M,mohammad.j@email.com,9.81235E+11,Mellat St. 621,Tehran,Iran
166,Fatemeh,Hosseini,F,fatemeh.h@email.com,9.81235E+11,Shariati St. 631,Tabriz,Iran
167,Amir,Soleimani,M,amir.s@email.com,9.81235E+11,Ferdowsi St. 641,Esfahan,Iran
168,Leyla,Ahmadi,F,leyla.a@email.com,9.81235E+11,Saadi St. 651,Shiraz,Iran
169,Reza,Mehrpour,M,reza.m@email.com,9.81235E+11,Valiasr St. 661,Tehran,Iran
170,Fatemeh,Arab,F,fatemeh.a@email.com,9.81235E+11,Enqelab St. 671,Tabriz,Iran
171,Mohammad,Soltani,M,mohammad.s@email.com,9.81235E+11,Mellat St. 681,Esfahan,Iran
172,Parisa,Khalili,F,parisa.k@email.com,9.81235E+11,Shariati St. 691,Shiraz,Iran
173,Kamran,Rezaei,M,kamran.r@email.com,9.81235E+11,Ferdowsi St. 701,Tehran,Iran
174,Narges,Abbasi,F,narges.a@email.com,9.81235E+11,Valiasr St. 45,Tehran,Iran
175,Babak,Shahidi,M,babak.s@email.com,9.81235E+11,Valiasr St. 721,Esfahan,Iran
176,Sima,Mehrani,F,sima.m@email.com,9.81235E+11,Enqelab St. 731,Shiraz,Iran
177,Hassan,Abdollahi,M,hassan.a@email.com,9.81235E+11,Mellat St. 741,Tehran,Iran
178,Sara,Naderi,F,sara.n@email.com,9.81235E+11,Shariati St. 751,Tabriz,Iran
179,Ahmad,Moradi,M,ahmad.m@email.com,9.81235E+11,Ferdowsi St. 761,Esfahan,Iran
180,Somayeh,Ghafari,F,somayeh.g@email.com,9.81235E+11,Saadi St. 771,Shiraz,Iran
181,Amir,Karami,M,amir.k@email.com,9.81235E+11,Valiasr St. 781,Tehran,Iran
182,Mahsa,Nouri,F,mahsa.n@email.com,9.81235E+11,Enqelab St. 791,Tabriz,Iran
183,Saeed,Hosseini,M,saeed.h@email.com,9.81235E+11,Mellat St. 801,Esfahan,Iran
184,Nasrin,Fallah,F,nasrin.f@email.com,9.81235E+11,Shariati St. 811,Shiraz,Iran
185,Ali,Khoshkhou,M,ali.k@email.com,9.81235E+11,Ferdowsi St. 821,Tehran,Iran
186,Fatemeh,Rahmani,F,fatemeh.r@email.com,9.81235E+11,Mellat St. 921,Shiraz,Iran
187,Elham,Shirazi,F,elham.s@email.com,9.81235E+11,Valiasr St. 841,Tehran,Iran
188,Mohammad,Kiani,M,mohammad.k@email.com,9.81235E+11,Enqelab St. 851,Shiraz,Iran
189,Negar,Nouri,F,negar.n@email.com,9.81235E+11,Mellat St. 861,Esfahan,Iran
190,Amir,Mohammadi,M,amir.m@email.com,9.81235E+11,Shariati St. 871,Tabriz,Iran
191,Sara,Ranjbar,F,sara.r@email.com,9.81235E+11,Ferdowsi St. 881,Tehran,Iran
192,Ali,Azimi,M,ali.a@email.com,9.81235E+11,Saadi St. 891,Shiraz,Iran
193,Mina,Mohajer,F,mina.m@email.com,9.81235E+11,Valiasr St. 901,Esfahan,Iran
194,Hossein,Jamshidi,M,hossein.j@email.com,9.81235E+11,Enqelab St. 911,Tabriz,Iran
195,Fatemeh,Rahmani,F,fatemeh.r@email.com,9.81235E+11,Mellat St. 921,Shiraz,Iran
196,Arash,Rezaei,M,arash.r@email.com,9.81235E+11,Shariati St. 931,Tehran,Iran
197,Sara,Kazemi,F,sara.k@email.com,9.81235E+11,Ferdowsi St. 941,Tabriz,Iran
198,Ali,Movahedi,M,ali.m@email.com,9.81235E+11,Saadi St. 1431,Esfahan,Iran
199,Niloofar,Amini,F,niloofar.a@email.com,9.81235E+11,Valiasr St. 961,Shiraz,Iran
200,Saeed,Golzar,M,saeed.g@email.com,9.81235E+11,Enqelab St. 971,Tehran,Iran
201,Leila,Karimi,F,leila.k@email.com,9.81235E+11,Mellat St. 981,Tabriz,Iran
202,Kamran,Movahedi,M,kamran.m@email.com,9.81235E+11,Shariati St. 991,Esfahan,Iran
203,Sara,Mirzaei,F,sara.m@email.com,9.81235E+11,Ferdowsi St. 1001,Shiraz,Iran
204,Ali,Ghafari,M,ali.g@email.com,9.81235E+11,Saadi St. 1011,Tehran,Iran
205,Fatemeh,Shahidi,F,fatemeh.s@email.com,9.81235E+11,Valiasr St. 1021,Tabriz,Iran
206,Mohammad,Naseri,M,mohammad.n@email.com,9.81235E+11,Enqelab St. 1031,Esfahan,Iran
207,Zahra,Ranjbar,F,zahra.r@email.com,9.81235E+11,Mellat St. 1041,Shiraz,Iran
208,Amir,Jafari,M,amir.j@email.com,9.81235E+11,Shariati St. 1051,Tehran,Iran
209,Sara,Khalili,F,sara.k@email.com,9.81235E+11,Ferdowsi St. 1061,Tabriz,Iran
210,Hamed,Mehrani,M,hamed.m@email.com,9.81235E+11,Saadi St. 1071,Esfahan,Iran
211,Negar,Abbasi,F,negar.a@email.com,9.81235E+11,Valiasr St. 1081,Shiraz,Iran
212,Reza,Safavi,M,reza.s@email.com,9.81235E+11,Enqelab St. 1091,Tehran,Iran
213,Sara,Naderi,F,sara.n@email.com,9.81235E+11,Mellat St. 1101,Tabriz,Iran
214,Mohammad,Arab,M,mohammad.a@email.com,9.81235E+11,Shariati St. 1111,Esfahan,Iran
215,Hassan,Karami,M,hassan.k@email.com,9.81235E+11,Ferdowsi St. 1121,Shiraz,Iran
216,Nasrin,Nouri,F,nasrin.n@email.com,9.81235E+11,Saadi St. 1131,Tehran,Iran
217,Amir,Hosseini,M,amir.h@email.com,9.81235E+11,Valiasr St. 1141,Tabriz,Iran
218,Sara,Fallah,F,sara.f@email.com,9.81235E+11,Enqelab St. 1151,Esfahan,Iran
219,Mohammad,Soltani,M,mohammad.s@email.com,9.81235E+11,Mellat St. 1161,Shiraz,Iran
220,Fatemeh,Ahmadi,F,fatemeh.a@email.com,9.81235E+11,Shariati St. 1171,Tehran,Iran
221,Reza,Mousavi,M,reza.m@email.com,9.81235E+11,Ferdowsi St. 1181,Tabriz,Iran
222,Maryam,Rostami,F,maryam.r@email.com,9.81235E+11,Saadi St. 1191,Esfahan,Iran
223,Milad,Golzar,M,milad.g@email.com,9.81235E+11,Valiasr St. 1201,Shiraz,Iran
224,Maryam,Azimi,F,maryam.a@email.com,9.81235E+11,Enqelab St. 1211,Tehran,Iran
225,Ali,Majidi,M,ali.m@email.com,9.81235E+11,Mellat St. 1221,Tabriz,Iran
226,Sahar,Mohammadi,F,sahar.m@email.com,9.81235E+11,Shariati St. 1231,Esfahan,Iran
227,Kamran,Hosseini,M,kamran.h@email.com,9.81235E+11,Ferdowsi St. 1241,Shiraz,Iran
228,Fariba,Ahmadi,F,fariba.a@email.com,9.81235E+11,Saadi St. 1251,Tehran,Iran
229,Milad,Rezazadeh,M,milad.r@email.com,9.81235E+11,Valiasr St. 1261,Tabriz,Iran
230,Nasrin,Arab,F,nasrin.a@email.com,9.81235E+11,Enqelab St. 1271,Esfahan,Iran
231,Ali,Mehrani,M,ali.m@email.com,9.81235E+11,Mellat St. 1281,Shiraz,Iran
232,Leila,Khoshkhou,F,leila.k@email.com,9.81235E+11,Shariati St. 1291,Tehran,Iran
233,Hossein,Afshari,M,hossein.a@email.com,9.81235E+11,Ferdowsi St. 1301,Tabriz,Iran
234,Mona,Ghafari,F,mona.g@email.com,9.81235E+11,Saadi St. 1311,Esfahan,Iran
235,Arman,Hosseini,M,arman.h@email.com,9.81235E+11,Valiasr St. 1321,Shiraz,Iran
236,Fatemeh,Miri,F,fatemeh.m@email.com,9.81235E+11,Enqelab St. 1331,Tehran,Iran
237,Mohammad,Taghavi,M,mohammad.t@email.com,9.81235E+11,Mellat St. 1341,Tabriz,Iran
238,Sara,Khalili,F,sara.k@email.com,9.81235E+11,Shariati St. 1351,Esfahan,Iran
239,Kamran,Karimi,M,kamran.k@email.com,9.81235E+11,Ferdowsi St. 1361,Shiraz,Iran
240,Sara,Naderi,F,sara.n@email.com,9.81235E+11,Saadi St. 1371,Tehran,Iran
241,Mohsen,Safavi,M,mohsen.s@email.com,9.81235E+11,Valiasr St. 1381,Tabriz,Iran
242,Rezvan,Naseri,F,rezvan.n@email.com,9.81235E+11,Enqelab St. 1391,Esfahan,Iran
243,Arash,Ranjbar,M,arash.r@email.com,9.81235E+11,Mellat St. 1401,Shiraz,Iran
244,Fatemeh,Golzar,F,fatemeh.g@email.com,9.81235E+11,Shariati St. 1411,Tehran,Iran
245,Farzaneh,Kiani,F,farzaneh.k@email.com,9.81235E+11,Ferdowsi St. 1421,Tabriz,Iran
246,Ali,Movahedi,M,ali.m@email.com,9.81235E+11,Saadi St. 1431,Esfahan,Iran
247,Leila,Hosseini,F,leila.h@email.com,9.81235E+11,Valiasr St. 1441,Shiraz,Iran
248,Mohammad,Ahmadi,M,mohammad.a@email.com,9.81235E+11,Enqelab St. 1451,Tehran,Iran
249,Sara,Fallah,F,sara.f@email.com,9.81235E+11,Mellat St. 1461,Tabriz,Iran
250,Amir,Soltani,M,amir.s@email.com,9.81235E+11,Shariati St. 1471,Esfahan,Iran
251,Nasrin,Mohammadi,F,nasrin.m@email.com,9.81235E+11,Ferdowsi St. 1481,Shiraz,Iran
252,Saeed,Rezazadeh,M,saeed.r@email.com,9.81235E+11,Saadi St. 1491,Tehran,Iran
253,Sara,Ahmadi,F,sara.a@email.com,9.81235E+11,Valiasr St. 1501,Tabriz,Iran
254,Milad,Hashemi,M,milad.h@email.com,9.81235E+11,Enqelab St. 1511,Esfahan,Iran
255,Fatemeh,Jalali,F,fatemeh.j@email.com,9.81235E+11,Mellat St. 1521,Shiraz,Iran
256,Ali,Kazemi,M,ali.k@email.com,9.81235E+11,Shariati St. 1531,Tehran,Iran
257,Sara,Safavi,F,sara.s@email.com,9.81235E+11,Ferdowsi St. 1541,Tabriz,Iran
258,Amir,Mohajer,M,amir.m@email.com,9.81235E+11,Saadi St. 1551,Esfahan,Iran
259,Fatemeh,Golzar,F,fatemeh.g@email.com,9.81235E+11,Shariati St. 2030,Tehran,Iran
260,Reza,Jafari,M,reza.j@email.com,9.81235E+11,Enqelab St. 1571,Tehran,Iran
261,Ali,Soltani,M,ali.s@email.com,9.81235E+11,Shariati St. 1651,Tehran,Iran
262,Mohammad,Azimi,M,mohammad.a@email.com,9.81235E+11,Shariati St. 1591,Esfahan,Iran
263,Nazanin,Nouri,F,nazanin.n@email.com,9.81235E+11,Ferdowsi St. 1601,Shiraz,Iran
264,Arman,Afshari,M,arman.a@email.com,9.81235E+11,Saadi St. 1611,Tehran,Iran
265,Sara,Ranjbar,F,sara.r@email.com,9.81235E+11,Valiasr St. 1621,Tabriz,Iran
266,Amir,Mohammadi,M,amir.m@email.com,9.81235E+11,Enqelab St. 1631,Esfahan,Iran
267,Fatemeh,Rahmani,F,fatemeh.r@email.com,9.81235E+11,Mellat St. 1641,Shiraz,Iran
268,Ali,Soltani,M,ali.s@email.com,9.81235E+11,Shariati St. 1651,Tehran,Iran
269,Leila,Karami,F,leila.k@email.com,9.81235E+11,Ferdowsi St. 1661,Tabriz,Iran
270,Mohammad,Ghafari,M,mohammad.g@email.com,9.81235E+11,Saadi St. 1671,Esfahan,Iran
271,Saba,Kiani,F,saba.k@email.com,9.81235E+11,Valiasr St. 1681,Shiraz,Iran
272,Amin,Hosseini,M,amin.h@email.com,9.81235E+11,Enqelab St. 1691,Tehran,Iran
273,Nasrin,Soleimani,F,nasrin.s@email.com,9.81235E+11,Mellat St. 1701,Tabriz,Iran
274,Kamran,Ahmadi,M,kamran.a@email.com,,,,
275,Saeed,Shirazi,M,saeed.s@email.com,9.81235E+11,Ferdowsi St. 1721,Shiraz,Iran
276,Niloofar,Khalili,F,niloofar.k@email.com,9.81235E+11,Saadi St. 1731,Tehran,Iran
277,Maryam,Azimi,F,maryam.a@email.com,9.81235E+11,Enqelab St. 1211,Tehran,Iran
278,Sara,Fallah,F,sara.f@email.com,9.81235E+11,Enqelab St. 1751,Esfahan,Iran
279,Mohammad,Soltani,M,mohammad.s@email.com,9.81235E+11,Mellat St. 1761,Shiraz,Iran
280,Fatemeh,Ahmadi,F,fatemeh.a@email.com,9.81235E+11,Shariati St. 1771,Tehran,Iran
281,Reza,Mousavi,M,reza.m@email.com,9.81235E+11,Ferdowsi St. 1781,Tabriz,Iran
282,Maryam,Rostami,F,maryam.r@email.com,9.81235E+11,Saadi St. 1791,Esfahan,Iran
283,Milad,Golzar,M,milad.g@email.com,9.81235E+11,Valiasr St. 1801,Shiraz,Iran
284,Maryam,Azimi,F,maryam.a@email.com,9.81235E+11,Enqelab St. 1811,Tehran,Iran
285,Ali,Majidi,M,ali.m@email.com,9.81235E+11,Mellat St. 1821,Tabriz,Iran
286,Sahar,Mohammadi,F,sahar.m@email.com,9.81235E+11,Shariati St. 1831,Esfahan,Iran
287,Kamran,Hosseini,M,kamran.h@email.com,9.81235E+11,Ferdowsi St. 1841,Shiraz,Iran
288,Fariba,Ahmadi,F,fariba.a@email.com,9.81235E+11,Saadi St. 1851,Tehran,Iran
289,Milad,Rezazadeh,M,milad.r@email.com,9.81235E+11,Valiasr St. 1861,Tabriz,Iran
290,Nasrin,Arab,F,nasrin.a@email.com,9.81235E+11,Enqelab St. 1871,Esfahan,Iran
291,Ali,Mehrani,M,ali.m@email.com,9.81235E+11,Mellat St. 1881,Shiraz,Iran
292,Leila,Khoshkhou,F,leila.k@email.com,9.81235E+11,Shariati St. 1891,Tehran,Iran
293,Hossein,Afshari,M,hossein.a@email.com,9.81235E+11,Ferdowsi St. 1901,Tabriz,Iran
294,Mona,Ghafari,F,mona.g@email.com,9.81235E+11,Saadi St. 1911,Esfahan,Iran
295,Arman,Hosseini,M,arman.h@email.com,9.81235E+11,Valiasr St. 1921,Shiraz,Iran
296,Fatemeh,Miri,F,fatemeh.m@email.com,9.81235E+11,Enqelab St. 1931,Tehran,Iran
297,Mohammad,Taghavi,M,mohammad.t@email.com,9.81235E+11,Mellat St. 1941,Tabriz,Iran
298,Sara,Khalili,F,sara.k@email.com,9.81235E+11,Shariati St. 1951,Esfahan,Iran
299,Kamran,Karimi,M,kamran.k@email.com,9.81235E+11,Ferdowsi St. 1961,Shiraz,Iran
300,Sara,Naderi,F,sara.n@email.com,9.81235E+11,Saadi St. 1971,Tehran,Iran
301,Mohsen,Safavi,M,mohsen.s@email.com,9.81235E+11,Valiasr St. 1981,Tabriz,Iran
302,Rezvan,Naseri,F,rezvan.n@email.com,9.81235E+11,Enqelab St. 1991,Esfahan,Iran
303,Arash,Ranjbar,M,arash.r@email.com,9.81235E+11,Mellat St. 2001,Shiraz,Iran
304,Hassan,Karami,M,hassan.k@email.com,9.81235E+11,Ferdowsi St. 2001,Shiraz,Iran
305,Nasrin,Nouri,F,nasrin.n@email.com,9.81235E+11,Saadi St. 2002,Tehran,Iran
306,Amir,Hosseini,M,amir.h@email.com,9.81235E+11,Valiasr St. 2003,Tabriz,Iran
307,Sara,Fallah,F,sara.f@email.com,9.81235E+11,Enqelab St. 2004,Esfahan,Iran
308,Mohammad,Soltani,M,mohammad.s@email.com,9.81235E+11,Mellat St. 2005,Shiraz,Iran
309,Fatemeh,Ahmadi,F,fatemeh.a@email.com,9.81235E+11,Shariati St. 2006,Tehran,Iran
310,Reza,Mousavi,M,reza.m@email.com,9.81235E+11,Ferdowsi St. 2007,Tabriz,Iran
311,Maryam,Rostami,F,maryam.r@email.com,9.81235E+11,Saadi St. 2008,Esfahan,Iran
312,Milad,Golzar,M,milad.g@email.com,9.81235E+11,Valiasr St. 2009,Shiraz,Iran
313,Maryam,Azimi,F,maryam.a@email.com,9.81235E+11,Enqelab St. 2010,Tehran,Iran
314,Ali,Majidi,M,ali.m@email.com,9.81235E+11,Mellat St. 2011,Tabriz,Iran
315,Sahar,Mohammadi,F,sahar.m@email.com,9.81235E+11,Shariati St. 2012,Esfahan,Iran
316,Kamran,Hosseini,M,kamran.h@email.com,9.81235E+11,Ferdowsi St. 2013,Shiraz,Iran
317,Fariba,Ahmadi,F,fariba.a@email.com,9.81235E+11,Saadi St. 2014,Tehran,Iran
318,Milad,Rezazadeh,M,milad.r@email.com,9.81235E+11,Valiasr St. 2015,Tabriz,Iran
319,Nasrin,Arab,F,nasrin.a@email.com,9.81235E+11,Enqelab St. 2016,Esfahan,Iran
320,Ali,Mehrani,M,ali.m@email.com,9.81235E+11,Mellat St. 2017,Shiraz,Iran
321,Leila,Khoshkhou,F,leila.k@email.com,9.81235E+11,Shariati St. 2018,Tehran,Iran
322,Mohsen,Safavi,M,mohsen.s@email.com,9.81235E+11,Valiasr St. 1981,Tabriz,Iran
323,Mona,Ghafari,F,mona.g@email.com,9.81235E+11,Saadi St. 2020,Esfahan,Iran
324,Arman,Hosseini,M,arman.h@email.com,9.81235E+11,Valiasr St. 2021,Shiraz,Iran
325,Fatemeh,Miri,F,fatemeh.m@email.com,9.81235E+11,Enqelab St. 2022,Tehran,Iran
326,Mohammad,Taghavi,M,mohammad.t@email.com,9.81235E+11,Mellat St. 2023,Tabriz,Iran
327,Sara,Khalili,F,sara.k@email.com,9.81235E+11,Shariati St. 2024,Esfahan,Iran
328,Kamran,Karimi,M,kamran.k@email.com,9.81235E+11,Ferdowsi St. 2025,Shiraz,Iran
329,Sara,Naderi,F,sara.n@email.com,9.81235E+11,Saadi St. 2026,Tehran,Iran
330,Mohsen,Safavi,M,mohsen.s@email.com,9.81235E+11,Valiasr St. 2027,Tabriz,Iran
331,Rezvan,Naseri,F,rezvan.n@email.com,9.81235E+11,Enqelab St. 2028,Esfahan,Iran
332,Arash,Ranjbar,M,arash.r@email.com,9.81235E+11,Mellat St. 2029,Shiraz,Iran
333,Fatemeh,Golzar,F,fatemeh.g@email.com,9.81235E+11,Shariati St. 2030,Tehran,Iran
334,Farzaneh,Kiani,F,farzaneh.k@email.com,9.81235E+11,Ferdowsi St. 2031,Shiraz,Iran
335,Ali,Movahedi,M,ali.m@email.com,9.81235E+11,Saadi St. 2032,Tehran,Iran
336,Leila,Hosseini,F,leila.h@email.com,9.81235E+11,Valiasr St. 2033,Tabriz,Iran
337,Mohammad,Ahmadi,M,mohammad.a@email.com,9.81235E+11,Enqelab St. 2034,Esfahan,Iran
338,Sara,Fallah,F,sara.f@email.com,9.81235E+11,Mellat St. 2035,Shiraz,Iran
339,Amir,Soltani,M,amir.s@email.com,9.81235E+11,Shariati St. 2036,Tehran,Iran
340,Nasrin,Mohammadi,F,nasrin.m@email.com,9.81235E+11,Ferdowsi St. 2037,Tabriz,Iran
341,Saeed,Rezazadeh,M,saeed.r@email.com,9.81235E+11,Saadi St. 2038,Esfahan,Iran
342,Sara,Ahmadi,F,sara.a@email.com,9.81235E+11,Valiasr St. 2039,Shiraz,Iran
343,Milad,Hashemi,M,milad.h@email.com,9.81235E+11,Enqelab St. 2040,Tehran,Iran
344,Fatemeh,Jalali,F,fatemeh.j@email.com,9.81235E+11,Mellat St. 2041,Tabriz,Iran
345,Ali,Kazemi,M,ali.k@email.com,9.81235E+11,Shariati St. 2042,Esfahan,Iran
346,Sara,Safavi,F,sara.s@email.com,9.81235E+11,Ferdowsi St. 2043,Shiraz,Iran
347,Amir,Mohajer,M,amir.m@email.com,9.81235E+11,Saadi St. 2044,Tehran,Iran
348,Leyla,Golzar,F,leyla.g@email.com,9.81235E+11,Valiasr St. 2045,Shiraz,Iran
349,Mohsen,Safavi,M,mohsen.s@email.com,9.81235E+11,Valiasr St. 1981,Tabriz,Iran
350,Maryam,Hosseini,F,maryam.h@email.com,9.81235E+11,Mellat St. 2047,Tabriz,Iran
